gene,SNP,tier,tissue,EA,OA,beta,se,eaf
ROCK2,rs12468344,ROCK2_blood_lead,blood,A,G,0.1602051006739737,0.0079211813494244,0.480005286609773
ROCK2,rs13034888,ROCK2_blood_r2.01,blood,A,G,0.0906379316522434,0.0139477304647672,0.0904659964065905
ROCK2,rs7574150,ROCK2_blood_r2.01,blood,G,T,-0.0405301293696207,0.0090456924004867,0.381888440860215
ROCK2,rs4335920,ROCK2_muscle,muscle,A,T,-0.187116,0.02317,0.333
ROCK2,rs12996712,ROCK2_muscle,muscle,T,G,0.133808,0.0216,0.483
ROCK1,rs142716063,ROCK1_blood_lead,blood,A,G,0.4288590532398046,0.0462436572790093,0.0141782657560301
ROCK1,rs72881399,ROCK1_blood_r2.01,blood,A,T,-0.0436013789302181,0.0091753743540021,0.260351791039142
RHOA,rs115431681,RHOA_blood_single,blood,T,C,-0.520923030648075,0.0999123538778002,0.0173301304049417
