SNP	Allele1	Allele2	Freq1	FreqSE	MinFreq	MaxFreq	Effect	StdErr	P-value	Direction
rs185336055:C:T	t	c	0.0453	0.0000	0.0453	0.0453	0.0035	0.0046	0.4409	+?
rs13034888:G:A	a	g	0.0891	0.0000	0.0891	0.0891	0.0078	0.0034	0.02067	+?
rs72783415:G:T	t	g	0.0113	0.0000	0.0113	0.0113	0.0006	0.0095	0.949	+?
rs34261765:C:T	t	c	0.1143	0.0000	0.1143	0.1143	0.0092	0.0030	0.002046	+?
rs4606895:A:G	a	g	0.1146	0.0000	0.1146	0.1146	-0.0078	0.0030	0.008644	-?
rs4335920:T:A	a	t	0.3477	0.0000	0.3477	0.3477	0.0028	0.0020	0.1518	+?
rs12468344:G:A	a	g	0.4850	0.0000	0.4850	0.4850	0.0059	0.0019	0.001694	+?
rs7574150:T:G	t	g	0.6278	0.0000	0.6278	0.6278	-0.0003	0.0020	0.8991	-?
rs2357890:T:C	t	c	0.5809	0.1651	0.0000	0.6278	0.0046	0.0019	0.01439	++
rs16857268:T:C	t	c	0.9489	0.0061	0.9468	0.9667	-0.0074	0.0040	0.06725	--
rs7598570:G:C	c	g	0.6721	0.0000	0.6721	0.6721	0.0023	0.0020	0.2653	+?
rs61540355:T:C	t	c	0.8665	0.0000	0.8665	0.8665	0.0020	0.0028	0.4735	+?
rs116346698:A:C	a	c	0.9534	0.0000	0.9534	0.9534	0.0024	0.0045	0.5901	+?
rs12996712:G:T	t	g	0.5503	0.0000	0.5503	0.5503	0.0035	0.0019	0.06646	+?
rs6750442:A:G	a	g	0.6363	0.0308	0.5750	0.6518	0.0025	0.0018	0.1572	++
rs13013760:A:G	a	g	0.9641	0.0000	0.9641	0.9641	0.0002	0.0051	0.9724	+?
rs6731491:C:T	t	c	0.7481	0.0150	0.7167	0.7552	0.0029	0.0020	0.1407	+-
